Doctor_Name,Specialty
Dr. Christopher Jones,Neurologist
Dr. Jessica Brown,General Physician
Dr. Christopher Taylor,General Physician
Dr. Michael Miller,Gastroenterologist
Dr. Jessica Brown,Neurologist
Dr. Emily Wilson,Dermatologist
Dr. Jessica Williams,Neurologist
Dr. Sarah Brown,Gastroenterologist
Dr. Jane Wilson,Gastroenterologist
Dr. Sarah Johnson,Neurologist
Dr. David Smith,Gastroenterologist
Dr. Michelle Davis,Neurologist
Dr. Daniel Smith,Pulmonologist
Dr. Michelle Williams,Neurologist
Dr. Christopher Jones,Neurologist
Dr. Daniel Williams,Gastroenterologist
Dr. David Williams,Gastroenterologist
Dr. Christopher Brown,General Physician
Dr. Daniel Miller,General Physician
Dr. Jane Jones,Pulmonologist
Dr. Daniel Johnson,General Physician
Dr. Michelle Moore,Neurologist
Dr. Michelle Brown,Gastroenterologist
Dr. Jane Jones,General Physician
Dr. Christopher Wilson,General Physician
Dr. Michael Smith,Pulmonologist
Dr. Emily Johnson,Pulmonologist
Dr. Jessica Jones,Neurologist
Dr. Jane Davis,Gastroenterologist
Dr. Sarah Taylor,Pulmonologist
Dr. Emily Davis,General Physician
Dr. Jane Taylor,Gastroenterologist
Dr. Jane Taylor,Gastroenterologist
Dr. Emily Wilson,General Physician
Dr. Christopher Moore,Pulmonologist
Dr. Jessica Brown,General Physician
Dr. Jane Brown,Gastroenterologist
Dr. Jessica Taylor,Dermatologist
Dr. Daniel Moore,Dermatologist
Dr. John Moore,Neurologist
Dr. Christopher Moore,General Physician
Dr. Jessica Smith,General Physician
Dr. Jessica Wilson,Neurologist
Dr. Michael Smith,Neurologist
Dr. Jessica Williams,Neurologist
Dr. Michael Smith,Gastroenterologist
Dr. David Taylor,General Physician
Dr. Christopher Taylor,Gastroenterologist
Dr. Daniel Miller,Neurologist
Dr. Daniel Wilson,General Physician
Dr. Jane Smith,Gastroenterologist
Dr. Christopher Miller,Gastroenterologist
Dr. Jessica Brown,Neurologist
Dr. Michael Wilson,General Physician
Dr. Sarah Williams,Neurologist
Dr. John Williams,General Physician
Dr. David Williams,Dermatologist
Dr. John Brown,Pulmonologist
Dr. Michelle Miller,Pulmonologist
Dr. Christopher Moore,Pulmonologist
Dr. Michelle Taylor,Neurologist
Dr. Michael Miller,Dermatologist
Dr. John Jones,General Physician
Dr. Emily Brown,Gastroenterologist
Dr. Christopher Miller,General Physician
Dr. Emily Miller,Gastroenterologist
Dr. Michael Davis,General Physician
Dr. Jane Taylor,Dermatologist
Dr. Daniel Brown,Gastroenterologist
Dr. Sarah Jones,Neurologist
Dr. Michelle Miller,General Physician
Dr. Daniel Miller,General Physician
Dr. John Smith,Gastroenterologist
Dr. Daniel Moore,Neurologist
Dr. Emily Moore,Neurologist
Dr. Michael Miller,Dermatologist
Dr. Sarah Wilson,Neurologist
Dr. Daniel Brown,Neurologist
Dr. John Williams,Neurologist
Dr. Michelle Wilson,Pulmonologist
Dr. Sarah Wilson,Dermatologist
Dr. Daniel Jones,General Physician
Dr. John Smith,Gastroenterologist
Dr. Michelle Jones,General Physician
Dr. Christopher Johnson,Dermatologist
Dr. Michael Smith,Gastroenterologist
Dr. David Smith,Dermatologist
Dr. Jessica Smith,Neurologist
Dr. John Johnson,Gastroenterologist
Dr. Jane Davis,Neurologist
Dr. Christopher Brown,General Physician
Dr. John Smith,General Physician
Dr. Michael Johnson,Gastroenterologist
Dr. David Taylor,Gastroenterologist
Dr. Sarah Miller,Dermatologist
Dr. Emily Miller,Dermatologist
Dr. Jessica Smith,Neurologist
Dr. Sarah Wilson,Gastroenterologist
Dr. David Jones,General Physician
Dr. Jane Davis,Dermatologist
